Date,Time,sensor,status
2024/1/29,17:08:01,104,0.5
2024/1/29,17:08:00,44,1
2024/1/29,17:07:57,43,0.5
2024/1/29,17:07:57,44,0.5
2024/1/29,17:07:56,46,0.5
2024/1/29,17:07:52,46,1
2024/1/29,17:07:51,44,1
2024/1/29,17:07:50,43,1
2024/1/29,17:07:47,43,0.5
2024/1/29,17:07:47,44,0.5
2024/1/29,17:07:45,46,0.5
2024/1/29,17:07:41,46,1
2024/1/29,17:07:40,43,1
2024/1/29,17:07:40,44,1
2024/1/29,17:07:38,43,0.5
2024/1/29,17:07:37,44,0.5
2024/1/29,17:07:36,46,0.5
2024/1/29,17:07:30,44,1
2024/1/29,17:07:30,42,0.5
2024/1/29,17:07:28,42,1
2024/1/29,17:07:27,44,0.5
2024/1/29,17:07:20,103,0.5
2024/1/29,17:07:17,42,0.5
2024/1/29,17:07:17,44,1
2024/1/29,17:07:16,46,1
2024/1/29,17:07:15,41,0.5
2024/1/29,17:07:15,31,0.5
2024/1/29,17:07:14,43,1
2024/1/29,17:07:14,3,0.5
2024/1/29,17:07:14,27,0.5
2024/1/29,17:07:14,104,1
2024/1/29,17:07:13,42,1
2024/1/29,17:07:13,23,0.5
2024/1/29,17:07:12,25,0.5
2024/1/29,17:07:12,22,0.5
2024/1/29,17:07:12,3,1
2024/1/29,17:07:11,41,1
2024/1/29,17:07:11,21,0.5
2024/1/29,17:07:11,31,1
2024/1/29,17:07:09,25,1
2024/1/29,17:07:09,22,1
2024/1/29,17:07:09,21,1
2024/1/29,17:07:09,27,1
2024/1/29,17:07:03,25,0.5
2024/1/29,17:07:02,22,0.5
2024/1/29,17:07:01,27,0.5
2024/1/29,17:07:00,21,0.5
2024/1/29,17:06:59,24,0.5
2024/1/29,17:06:59,23,1
2024/1/29,17:06:59,27,1
2024/1/29,17:06:58,22,1
2024/1/29,17:06:55,22,0.5
2024/1/29,17:06:55,27,0.5
2024/1/29,17:06:53,21,1
2024/1/29,17:06:52,24,1
2024/1/29,17:06:51,21,0.5
2024/1/29,17:06:51,25,1
2024/1/29,17:06:51,25,0.5
2024/1/29,17:06:50,24,0.5
2024/1/29,17:06:49,27,1
2024/1/29,17:06:48,22,1
2024/1/29,17:06:47,107,0.5
2024/1/29,17:06:46,27,0.5
2024/1/29,17:06:45,23,0.5
2024/1/29,17:06:45,22,0.5
2024/1/29,17:06:44,121,0.5
2024/1/29,17:06:44,21,1
2024/1/29,17:06:44,31,0.5
2024/1/29,17:06:44,24,1
2024/1/29,17:06:44,25,1
2024/1/29,17:06:42,41,0.5
2024/1/29,17:06:42,22,1
2024/1/29,17:06:42,103,1
2024/1/29,17:06:41,23,1
2024/1/29,17:06:41,61,0.5
2024/1/29,17:06:41,27,1
2024/1/29,17:06:40,33,0.5
2024/1/29,17:06:39,41,1
2024/1/29,17:06:38,31,1
2024/1/29,17:06:35,61,1
2024/1/29,17:06:35,33,1
2024/1/29,17:06:29,62,0.5
2024/1/29,17:06:25,61,0.5
2024/1/29,17:06:23,61,1
2024/1/29,17:06:22,62,1
2024/1/29,17:06:20,62,0.5
2024/1/29,17:06:20,61,0.5
2024/1/29,17:06:20,33,0.5
2024/1/29,17:06:16,62,1
2024/1/29,17:06:14,61,1
2024/1/29,17:06:14,62,0.5
2024/1/29,17:06:14,32,0.5
2024/1/29,17:06:13,33,1
2024/1/29,17:06:13,61,0.5
2024/1/29,17:06:11,120,0.5
2024/1/29,17:06:08,33,0.5
2024/1/29,17:06:07,121,1
2024/1/29,17:06:07,62,1
2024/1/29,17:06:06,73,0.5
2024/1/29,17:06:06,32,1
2024/1/29,17:06:06,61,1
2024/1/29,17:06:05,71,0.5
2024/1/29,17:06:04,33,1
2024/1/29,17:06:02,71,1
2024/1/29,17:06:01,73,1
2024/1/29,17:05:58,71,0.5
2024/1/29,17:05:56,73,0.5
2024/1/29,17:05:45,33,0.5
2024/1/29,17:05:42,32,0.5
2024/1/29,17:05:41,120,1
2024/1/29,17:05:41,71,1
2024/1/29,17:05:40,73,1
2024/1/29,17:05:39,104,0.5
2024/1/29,17:05:38,33,1
2024/1/29,17:05:38,41,0.5
2024/1/29,17:05:35,107,1
2024/1/29,17:05:35,46,0.5
2024/1/29,17:05:34,42,0.5
2024/1/29,17:05:34,32,1
2024/1/29,17:05:32,41,1
2024/1/29,17:05:30,42,1
2024/1/29,17:05:28,43,1
2024/1/29,17:05:27,44,1
2024/1/29,17:05:27,46,1
2024/1/29,17:05:22,44,0.5
2024/1/29,17:05:21,46,0.5
2024/1/29,17:05:20,43,0.5
2024/1/29,17:05:17,44,1
2024/1/29,17:05:14,44,0.5
2024/1/29,17:05:05,103,0.5
2024/1/29,17:05:04,42,0.5
2024/1/29,17:05:03,44,1
2024/1/29,17:05:03,46,1
2024/1/29,17:05:02,41,0.5
2024/1/29,17:05:01,31,0.5
2024/1/29,17:05:01,43,1
2024/1/29,17:05:01,104,1
2024/1/29,17:05:01,27,0.5
2024/1/29,17:05:00,3,0.5
2024/1/29,17:05:00,23,0.5
2024/1/29,17:04:59,42,1
2024/1/29,17:04:59,22,0.5
2024/1/29,17:04:58,24,0.5
2024/1/29,17:04:58,3,1
2024/1/29,17:04:57,21,0.5
2024/1/29,17:04:57,41,1
2024/1/29,17:04:57,31,1
2024/1/29,17:04:56,23,1
2024/1/29,17:04:56,27,1
2024/1/29,17:04:55,24,1
2024/1/29,17:04:55,21,1
2024/1/29,17:04:54,22,1
2024/1/29,17:04:52,27,0.5
2024/1/29,17:04:51,22,0.5
2024/1/29,17:04:50,21,0.5
2024/1/29,17:04:49,25,0.5
2024/1/29,17:04:47,22,1
2024/1/29,17:04:47,27,1
2024/1/29,17:04:44,22,0.5
2024/1/29,17:04:44,23,0.5
2024/1/29,17:04:43,27,0.5
2024/1/29,17:04:42,25,1
2024/1/29,17:04:42,21,1
2024/1/29,17:04:41,31,0.5
2024/1/29,17:04:40,25,0.5
2024/1/29,17:04:40,21,0.5
2024/1/29,17:04:39,31,1
2024/1/29,17:04:37,22,1
2024/1/29,17:04:37,23,1
2024/1/29,17:04:36,27,1
2024/1/29,17:04:35,24,0.5
2024/1/29,17:04:35,100,0.5
2024/1/29,17:04:34,22,0.5
2024/1/29,17:04:33,23,0.5
2024/1/29,17:04:33,27,0.5
2024/1/29,17:04:32,21,1
2024/1/29,17:04:32,24,1
2024/1/29,17:04:32,41,0.5
2024/1/29,17:04:32,31,0.5
2024/1/29,17:04:32,25,1
2024/1/29,17:04:32,2,0.5
2024/1/29,17:04:31,23,1
2024/1/29,17:04:31,103,1
2024/1/29,17:04:30,3,0.5
2024/1/29,17:04:30,22,1
2024/1/29,17:04:30,31,1
2024/1/29,17:04:29,1,0.5
2024/1/29,17:04:29,27,1
2024/1/29,17:04:28,3,1
2024/1/29,17:04:28,41,1
2024/1/29,17:04:27,2,1
2024/1/29,17:04:24,100,1
2024/1/29,17:04:22,1,1
2024/1/29,17:04:16,1,0.5
2024/1/29,17:04:13,1,1
2024/1/29,17:04:09,1,0.5
2024/1/29,17:03:49,104,0.5
2024/1/29,17:03:45,44,0.5
2024/1/29,17:03:45,43,0.5
2024/1/29,17:03:42,43,1
2024/1/29,17:03:41,44,1
2024/1/29,17:03:36,44,0.5
2024/1/29,17:03:35,46,0.5
2024/1/29,17:03:35,43,0.5
2024/1/29,17:03:31,44,1
2024/1/29,17:03:30,46,1
2024/1/29,17:03:30,43,1
2024/1/29,17:03:28,46,0.5
2024/1/29,17:03:27,43,0.5
2024/1/29,17:03:23,44,0.5
2024/1/29,17:03:16,103,0.5
2024/1/29,17:03:15,42,0.5
2024/1/29,17:03:14,46,1
2024/1/29,17:03:13,44,1
2024/1/29,17:03:12,31,0.5
2024/1/29,17:03:12,43,1
2024/1/29,17:03:12,104,1
2024/1/29,17:03:12,3,0.5
2024/1/29,17:03:12,27,0.5
2024/1/29,17:03:11,23,0.5
2024/1/29,17:03:11,42,1
2024/1/29,17:03:10,22,0.5
2024/1/29,17:03:10,24,0.5
2024/1/29,17:03:10,21,0.5
2024/1/29,17:03:09,3,1
2024/1/29,17:03:08,41,1
2024/1/29,17:03:08,31,1
2024/1/29,17:03:07,24,1
2024/1/29,17:03:07,23,1
2024/1/29,17:03:06,21,1
2024/1/29,17:03:06,27,1
2024/1/29,17:03:06,22,1
2024/1/29,17:03:02,27,0.5
2024/1/29,17:03:01,21,0.5
2024/1/29,17:03:01,22,0.5
2024/1/29,17:02:59,24,0.5
2024/1/29,17:02:59,27,1
2024/1/29,17:02:57,22,1
2024/1/29,17:02:56,22,0.5
2024/1/29,17:02:55,27,0.5
2024/1/29,17:02:54,23,0.5
2024/1/29,17:02:53,31,0.5
2024/1/29,17:02:53,21,1
2024/1/29,17:02:52,25,1
2024/1/29,17:02:52,24,1
2024/1/29,17:02:51,25,0.5
2024/1/29,17:02:50,31,1
2024/1/29,17:02:50,21,0.5
2024/1/29,17:02:49,107,0.5
2024/1/29,17:02:49,22,1
2024/1/29,17:02:48,27,1
2024/1/29,17:02:48,24,0.5
2024/1/29,17:02:47,23,1
2024/1/29,17:02:47,121,0.5
2024/1/29,17:02:44,27,0.5
2024/1/29,17:02:44,22,0.5
2024/1/29,17:02:44,23,0.5
2024/1/29,17:02:43,21,1
2024/1/29,17:02:42,25,1
2024/1/29,17:02:42,24,1
2024/1/29,17:02:41,31,0.5
2024/1/29,17:02:41,41,0.5
2024/1/29,17:02:41,27,1
2024/1/29,17:02:40,103,1
2024/1/29,17:02:40,22,1
2024/1/29,17:02:39,23,1
2024/1/29,17:02:38,32,0.5
2024/1/29,17:02:37,33,0.5
2024/1/29,17:02:36,41,1
2024/1/29,17:02:36,31,1
2024/1/29,17:02:35,61,0.5
2024/1/29,17:02:34,62,0.5
2024/1/29,17:02:33,32,1
2024/1/29,17:02:32,61,1
2024/1/29,17:02:31,33,1
2024/1/29,17:02:24,33,0.5
2024/1/29,17:02:22,62,1
2024/1/29,17:02:20,62,0.5
2024/1/29,17:02:18,61,0.5
2024/1/29,17:02:13,61,1
2024/1/29,17:02:13,61,0.5
2024/1/29,17:02:11,120,0.5
2024/1/29,17:02:07,71,0.5
2024/1/29,17:02:07,62,1
2024/1/29,17:02:06,121,1
2024/1/29,17:02:06,73,0.5
2024/1/29,17:02:06,33,1
2024/1/29,17:02:06,61,1
2024/1/29,17:02:02,73,1
2024/1/29,17:02:02,71,1
2024/1/29,17:01:57,71,0.5
2024/1/29,17:01:56,73,0.5
2024/1/29,17:01:44,33,0.5
2024/1/29,17:01:39,120,1
2024/1/29,17:01:38,71,1
2024/1/29,17:01:38,73,1
2024/1/29,17:01:37,104,0.5
2024/1/29,17:01:35,33,1
2024/1/29,17:01:34,31,0.5
2024/1/29,17:01:33,107,1
2024/1/29,17:01:33,41,0.5
2024/1/29,17:01:33,46,0.5
2024/1/29,17:01:32,42,0.5
2024/1/29,17:01:32,44,0.5
2024/1/29,17:01:32,32,1
2024/1/29,17:01:31,31,1
2024/1/29,17:01:30,41,1
2024/1/29,17:01:30,43,0.5
2024/1/29,17:01:28,42,1
2024/1/29,17:01:25,46,1
2024/1/29,17:01:25,43,1
2024/1/29,17:01:25,44,1
2024/1/29,17:01:22,44,0.5
2024/1/29,17:01:20,46,0.5
2024/1/29,17:01:19,43,0.5
2024/1/29,17:01:15,44,1
2024/1/29,17:01:12,44,0.5
2024/1/29,17:01:05,103,0.5
2024/1/29,17:01:04,44,1
2024/1/29,17:01:03,42,0.5
2024/1/29,17:01:03,46,1
2024/1/29,17:01:01,31,0.5
2024/1/29,17:01:01,43,1
2024/1/29,17:01:01,104,1
2024/1/29,17:01:01,41,0.5
2024/1/29,17:01:01,3,0.5
2024/1/29,17:01:00,27,0.5
2024/1/29,17:01:00,22,0.5
2024/1/29,17:01:00,42,1
2024/1/29,17:00:58,24,0.5
2024/1/29,17:00:58,3,1
2024/1/29,17:00:58,31,1
2024/1/29,17:00:57,41,1
2024/1/29,17:00:57,25,0.5
2024/1/29,17:00:56,23,1
2024/1/29,17:00:56,27,1
2024/1/29,17:00:55,22,1
2024/1/29,17:00:53,24,1
2024/1/29,17:00:53,25,1
2024/1/29,17:00:50,25,0.5
2024/1/29,17:00:49,24,0.5
2024/1/29,17:00:48,23,0.5
2024/1/29,17:00:47,24,1
2024/1/29,17:00:46,27,0.5
2024/1/29,17:00:46,25,1
2024/1/29,17:00:45,24,0.5
2024/1/29,17:00:44,27,1
2024/1/29,17:00:44,23,1
2024/1/29,17:00:42,25,0.5
2024/1/29,17:00:41,27,0.5
2024/1/29,17:00:40,22,0.5
2024/1/29,17:00:40,23,0.5
2024/1/29,17:00:40,25,1
2024/1/29,17:00:39,21,1
2024/1/29,17:00:38,24,1
2024/1/29,17:00:37,21,0.5
2024/1/29,17:00:37,25,0.5
2024/1/29,17:00:35,22,1
2024/1/29,17:00:34,23,1
2024/1/29,17:00:34,27,1
2024/1/29,17:00:32,22,0.5
2024/1/29,17:00:32,23,0.5
2024/1/29,17:00:32,100,0.5
2024/1/29,17:00:32,31,0.5
2024/1/29,17:00:31,27,0.5
2024/1/29,17:00:30,2,0.5
2024/1/29,17:00:30,21,1
2024/1/29,17:00:30,25,1
2024/1/29,17:00:29,3,0.5
2024/1/29,17:00:29,41,0.5
2024/1/29,17:00:29,23,1
2024/1/29,17:00:28,103,1
2024/1/29,17:00:28,31,1
2024/1/29,17:00:28,22,1
2024/1/29,17:00:27,27,1
2024/1/29,17:00:26,3,1
2024/1/29,17:00:25,41,1
2024/1/29,17:00:25,2,1
2024/1/29,17:00:23,1,0.5
2024/1/29,17:00:22,100,1
2024/1/29,17:00:19,1,1
2024/1/29,17:00:15,1,0.5
2024/1/29,17:00:04,1,1
2024/1/29,17:00:01,1,0.5
2024/1/29,16:58:40,104,0.5
2024/1/29,16:58:35,43,0.5
2024/1/29,16:58:34,46,0.5
2024/1/29,16:58:33,44,0.5
2024/1/29,16:58:31,46,1
2024/1/29,16:58:13,46,0.5
2024/1/29,16:58:08,46,1
2024/1/29,16:58:08,44,1
2024/1/29,16:58:08,43,1
2024/1/29,16:58:04,46,0.5
2024/1/29,16:58:03,44,0.5
2024/1/29,16:58:03,43,0.5
2024/1/29,16:57:47,103,0.5
2024/1/29,16:57:45,42,0.5
2024/1/29,16:57:45,46,1
2024/1/29,16:57:45,44,1
2024/1/29,16:57:43,41,0.5
2024/1/29,16:57:43,104,1
2024/1/29,16:57:43,43,1
2024/1/29,16:57:43,42,1
2024/1/29,16:57:42,3,0.5
2024/1/29,16:57:42,27,0.5
2024/1/29,16:57:41,23,0.5
2024/1/29,16:57:40,21,0.5
2024/1/29,16:57:40,24,0.5
2024/1/29,16:57:39,41,1
2024/1/29,16:57:38,23,1
2024/1/29,16:57:37,24,1
2024/1/29,16:57:37,21,1
2024/1/29,16:57:37,27,1
2024/1/29,16:57:36,22,1
2024/1/29,16:57:32,22,0.5
2024/1/29,16:57:32,27,0.5
2024/1/29,16:57:30,25,0.5
2024/1/29,16:57:29,21,0.5
2024/1/29,16:57:29,24,0.5
2024/1/29,16:57:28,22,1
2024/1/29,16:57:28,27,1
2024/1/29,16:57:25,22,0.5
2024/1/29,16:57:24,23,0.5
2024/1/29,16:57:23,27,0.5
2024/1/29,16:57:23,31,0.5
2024/1/29,16:57:22,25,1
2024/1/29,16:57:22,21,1
2024/1/29,16:57:22,24,1
2024/1/29,16:57:20,21,0.5
2024/1/29,16:57:20,31,1
2024/1/29,16:57:20,25,0.5
2024/1/29,16:57:19,24,0.5
2024/1/29,16:57:18,22,1
2024/1/29,16:57:18,27,1
2024/1/29,16:57:17,23,1
2024/1/29,16:57:15,27,0.5
2024/1/29,16:57:15,107,0.5
2024/1/29,16:57:15,22,0.5
2024/1/29,16:57:13,21,1
2024/1/29,16:57:13,25,1
2024/1/29,16:57:13,24,1
2024/1/29,16:57:13,121,0.5
2024/1/29,16:57:13,41,0.5
2024/1/29,16:57:13,31,0.5
2024/1/29,16:57:11,22,1
2024/1/29,16:57:11,103,1
2024/1/29,16:57:10,27,1
2024/1/29,16:57:08,61,0.5
2024/1/29,16:57:08,33,0.5
2024/1/29,16:57:07,41,1
2024/1/29,16:57:07,31,1
2024/1/29,16:57:06,62,0.5
2024/1/29,16:57:04,61,1
2024/1/29,16:57:03,33,1
2024/1/29,16:57:03,62,1
2024/1/29,16:56:54,62,0.5
2024/1/29,16:56:54,33,0.5
2024/1/29,16:56:53,61,0.5
2024/1/29,16:56:49,62,1
2024/1/29,16:56:49,33,1
2024/1/29,16:56:48,62,0.5
2024/1/29,16:56:47,61,1
2024/1/29,16:56:46,33,0.5
2024/1/29,16:56:45,61,0.5
2024/1/29,16:56:45,120,0.5
2024/1/29,16:56:41,121,1
2024/1/29,16:56:41,73,0.5
2024/1/29,16:56:41,62,1
2024/1/29,16:56:40,61,1
2024/1/29,16:56:39,71,0.5
2024/1/29,16:56:38,33,1
2024/1/29,16:56:37,71,1
2024/1/29,16:56:35,73,1
2024/1/29,16:56:33,71,0.5
2024/1/29,16:56:32,73,0.5
2024/1/29,16:56:21,33,0.5
2024/1/29,16:56:16,71,1
2024/1/29,16:56:16,120,1
2024/1/29,16:56:15,73,1
2024/1/29,16:56:14,33,1
2024/1/29,16:56:13,104,0.5
2024/1/29,16:56:13,41,0.5
2024/1/29,16:56:10,31,0.5
2024/1/29,16:56:10,107,1
2024/1/29,16:56:09,42,0.5
2024/1/29,16:56:09,46,0.5
2024/1/29,16:56:08,44,0.5
2024/1/29,16:56:07,31,1
2024/1/29,16:56:07,32,1
2024/1/29,16:56:07,43,0.5
2024/1/29,16:56:06,41,1
2024/1/29,16:56:04,42,1
2024/1/29,16:56:01,46,1
2024/1/29,16:56:01,43,1
2024/1/29,16:56:01,44,1
2024/1/29,16:55:57,44,0.5
2024/1/29,16:55:57,43,0.5
2024/1/29,16:55:56,46,0.5
2024/1/29,16:55:55,42,0.5
2024/1/29,16:55:53,44,1
2024/1/29,16:55:52,42,1
2024/1/29,16:55:50,44,0.5
2024/1/29,16:55:43,103,0.5
2024/1/29,16:55:42,46,1
2024/1/29,16:55:42,42,0.5
2024/1/29,16:55:41,44,1
2024/1/29,16:55:40,43,1
2024/1/29,16:55:39,41,0.5
2024/1/29,16:55:39,104,1
2024/1/29,16:55:39,31,0.5
2024/1/29,16:55:38,3,0.5
2024/1/29,16:55:37,23,0.5
2024/1/29,16:55:37,42,1
2024/1/29,16:55:37,22,0.5
2024/1/29,16:55:36,27,0.5
2024/1/29,16:55:36,24,0.5
2024/1/29,16:55:35,3,1
2024/1/29,16:55:35,21,0.5
2024/1/29,16:55:35,31,1
2024/1/29,16:55:35,41,1
2024/1/29,16:55:33,23,1
2024/1/29,16:55:33,27,1
2024/1/29,16:55:32,22,1
2024/1/29,16:55:32,21,1
2024/1/29,16:55:32,24,1
2024/1/29,16:55:28,24,0.5
2024/1/29,16:55:28,22,0.5
2024/1/29,16:55:27,21,0.5
2024/1/29,16:55:25,25,0.5
2024/1/29,16:55:24,22,1
2024/1/29,16:55:24,27,0.5
2024/1/29,16:55:22,22,0.5
2024/1/29,16:55:20,21,1
2024/1/29,16:55:20,25,1
2024/1/29,16:55:20,31,0.5
2024/1/29,16:55:17,31,1
2024/1/29,16:55:17,21,0.5
2024/1/29,16:55:16,25,0.5
2024/1/29,16:55:15,22,1
2024/1/29,16:55:14,27,1
2024/1/29,16:55:11,100,0.5
2024/1/29,16:55:11,23,0.5
2024/1/29,16:55:10,24,1
2024/1/29,16:55:10,41,0.5
2024/1/29,16:55:10,25,1
2024/1/29,16:55:10,31,0.5
2024/1/29,16:55:10,27,0.5
2024/1/29,16:55:10,21,1
2024/1/29,16:55:10,2,0.5
2024/1/29,16:55:09,3,0.5
2024/1/29,16:55:09,23,1
2024/1/29,16:55:09,103,1
2024/1/29,16:55:07,31,1
2024/1/29,16:55:07,27,1
2024/1/29,16:55:06,3,1
2024/1/29,16:55:06,41,1
2024/1/29,16:55:05,2,1
2024/1/29,16:55:02,100,1
2024/1/29,16:54:54,1,0.5
2024/1/29,16:54:48,1,1
2024/1/29,16:54:44,1,0.5
2024/1/29,16:54:35,1,1
2024/1/29,16:54:24,1,0.5
2024/1/29,16:53:51,104,0.5
2024/1/29,16:53:35,44,0.5
2024/1/29,16:53:34,46,0.5
2024/1/29,16:53:33,43,0.5
2024/1/29,16:53:19,103,0.5
2024/1/29,16:53:17,44,1
2024/1/29,16:53:16,42,0.5
2024/1/29,16:53:16,46,1
2024/1/29,16:53:14,43,1
2024/1/29,16:53:13,104,1
2024/1/29,16:53:12,27,0.5
2024/1/29,16:53:12,42,1
2024/1/29,16:53:12,23,0.5
2024/1/29,16:53:12,22,0.5
2024/1/29,16:53:12,24,0.5
2024/1/29,16:53:11,3,1
2024/1/29,16:53:11,41,1
2024/1/29,16:53:10,31,1
2024/1/29,16:53:09,21,0.5
2024/1/29,16:53:09,24,1
2024/1/29,16:53:09,23,1
2024/1/29,16:53:08,27,1
2024/1/29,16:53:07,22,1
2024/1/29,16:53:07,21,1
2024/1/29,16:53:02,27,0.5
2024/1/29,16:53:02,22,0.5
2024/1/29,16:53:01,21,0.5
2024/1/29,16:53:00,25,0.5
2024/1/29,16:52:59,24,0.5
2024/1/29,16:52:58,27,1
2024/1/29,16:52:58,22,1
2024/1/29,16:52:55,27,0.5
2024/1/29,16:52:55,22,0.5
2024/1/29,16:52:55,23,0.5
2024/1/29,16:52:53,21,1
2024/1/29,16:52:52,25,1
2024/1/29,16:52:52,24,1
2024/1/29,16:52:50,21,0.5
2024/1/29,16:52:49,25,0.5
2024/1/29,16:52:48,22,1
2024/1/29,16:52:47,23,1
2024/1/29,16:52:47,107,0.5
2024/1/29,16:52:47,27,1
2024/1/29,16:52:46,121,0.5
2024/1/29,16:52:44,24,0.5
2024/1/29,16:52:43,27,0.5
2024/1/29,16:52:42,23,0.5
2024/1/29,16:52:42,22,0.5
2024/1/29,16:52:41,21,1
2024/1/29,16:52:41,24,1
2024/1/29,16:52:40,25,1
2024/1/29,16:52:40,31,0.5
2024/1/29,16:52:40,41,0.5
2024/1/29,16:52:39,22,1
2024/1/29,16:52:39,23,1
2024/1/29,16:52:38,103,1
2024/1/29,16:52:37,32,0.5
2024/1/29,16:52:37,27,1
2024/1/29,16:52:36,33,0.5
2024/1/29,16:52:35,41,1
2024/1/29,16:52:35,31,1
2024/1/29,16:52:34,62,0.5
2024/1/29,16:52:34,61,0.5
2024/1/29,16:52:31,61,1
2024/1/29,16:52:31,33,1
2024/1/29,16:52:30,62,1
2024/1/29,16:52:24,33,0.5
2024/1/29,16:52:23,61,0.5
2024/1/29,16:52:22,62,0.5
2024/1/29,16:52:16,62,1
2024/1/29,16:52:15,62,0.5
2024/1/29,16:52:15,61,1
2024/1/29,16:52:14,61,0.5
2024/1/29,16:52:12,120,0.5
2024/1/29,16:52:08,62,1
2024/1/29,16:52:08,121,1
2024/1/29,16:52:08,73,0.5
2024/1/29,16:52:07,61,1
2024/1/29,16:52:06,71,0.5
2024/1/29,16:52:06,73,1
2024/1/29,16:52:05,33,1
2024/1/29,16:52:03,71,1
2024/1/29,16:51:58,73,0.5
2024/1/29,16:51:57,71,0.5
2024/1/29,16:51:45,33,0.5
2024/1/29,16:51:45,120,1
2024/1/29,16:51:43,71,1
2024/1/29,16:51:42,73,1
2024/1/29,16:51:41,104,0.5
2024/1/29,16:51:40,33,1
2024/1/29,16:51:40,41,0.5
2024/1/29,16:51:38,31,0.5
2024/1/29,16:51:37,107,1
2024/1/29,16:51:37,46,0.5
2024/1/29,16:51:37,42,0.5
2024/1/29,16:51:35,31,1
2024/1/29,16:51:35,32,1
2024/1/29,16:51:35,43,0.5
2024/1/29,16:51:34,41,1
2024/1/29,16:51:34,44,0.5
2024/1/29,16:51:31,42,1
2024/1/29,16:51:29,43,1
2024/1/29,16:51:29,44,1
2024/1/29,16:51:29,46,1
2024/1/29,16:51:24,44,0.5
2024/1/29,16:51:23,46,0.5
2024/1/29,16:51:07,103,0.5
2024/1/29,16:51:06,42,0.5
2024/1/29,16:51:06,44,1
2024/1/29,16:51:05,46,1
2024/1/29,16:51:04,31,0.5
2024/1/29,16:51:03,104,1
2024/1/29,16:51:03,41,0.5
2024/1/29,16:51:03,27,0.5
2024/1/29,16:51:02,23,0.5
2024/1/29,16:51:02,42,1
2024/1/29,16:51:01,22,0.5
2024/1/29,16:51:00,21,0.5
2024/1/29,16:51:00,24,0.5
2024/1/29,16:51:00,31,1
2024/1/29,16:51:00,25,0.5
2024/1/29,16:51:00,41,1
2024/1/29,16:50:59,23,1
2024/1/29,16:50:58,22,1
2024/1/29,16:50:58,27,1
2024/1/29,16:50:55,24,1
2024/1/29,16:50:55,25,1
2024/1/29,16:50:55,21,1
2024/1/29,16:50:53,21,0.5
2024/1/29,16:50:53,25,0.5
2024/1/29,16:50:53,24,0.5
2024/1/29,16:50:49,23,0.5
2024/1/29,16:50:49,27,0.5
2024/1/29,16:50:48,22,0.5
2024/1/29,16:50:46,21,1
2024/1/29,16:50:46,25,1
2024/1/29,16:50:45,24,1
2024/1/29,16:50:44,21,0.5
2024/1/29,16:50:43,25,0.5
2024/1/29,16:50:42,22,1
2024/1/29,16:50:42,23,1
2024/1/29,16:50:41,24,0.5
2024/1/29,16:50:41,27,1
2024/1/29,16:50:38,27,0.5
2024/1/29,16:50:38,100,0.5
2024/1/29,16:50:38,22,0.5
2024/1/29,16:50:38,23,0.5
2024/1/29,16:50:37,25,1
2024/1/29,16:50:37,21,1
2024/1/29,16:50:37,23,1
2024/1/29,16:50:37,41,0.5
2024/1/29,16:50:37,31,0.5
2024/1/29,16:50:36,3,0.5
2024/1/29,16:50:36,2,0.5
2024/1/29,16:50:36,24,1
2024/1/29,16:50:35,103,1
2024/1/29,16:50:34,22,1
2024/1/29,16:50:34,31,1
2024/1/29,16:50:34,27,1
2024/1/29,16:50:33,3,1
2024/1/29,16:50:32,41,1
2024/1/29,16:50:32,1,0.5
2024/1/29,16:50:32,2,1
2024/1/29,16:50:29,100,1
2024/1/29,16:50:27,1,1
2024/1/29,16:50:24,1,0.5
2024/1/29,16:50:18,1,1
2024/1/29,16:50:12,1,0.5
2024/1/29,16:50:09,1,1
2024/1/29,16:49:33,104,0.5
2024/1/29,16:49:31,43,0.5
2024/1/29,16:49:29,46,0.5
2024/1/29,16:49:26,44,0.5
2024/1/29,16:49:13,42,0.5
2024/1/29,16:49:12,103,0.5
2024/1/29,16:49:11,44,1
2024/1/29,16:49:11,46,1
2024/1/29,16:49:08,43,1
2024/1/29,16:49:08,104,1
2024/1/29,16:49:07,27,0.5
2024/1/29,16:49:07,31,0.5
2024/1/29,16:49:07,3,0.5
2024/1/29,16:49:07,41,0.5
2024/1/29,16:49:06,42,1
2024/1/29,16:49:06,23,0.5
2024/1/29,16:49:05,22,0.5
2024/1/29,16:49:04,3,1
2024/1/29,16:49:04,24,0.5
2024/1/29,16:49:04,31,1
2024/1/29,16:49:03,41,1
2024/1/29,16:49:03,21,0.5
2024/1/29,16:49:02,23,1
2024/1/29,16:49:02,24,1
2024/1/29,16:49:00,27,1
2024/1/29,16:49:00,22,1
2024/1/29,16:49:00,21,1
2024/1/29,16:48:57,27,0.5
2024/1/29,16:48:56,22,0.5
2024/1/29,16:48:55,21,0.5
2024/1/29,16:48:54,25,0.5
2024/1/29,16:48:54,24,0.5
2024/1/29,16:48:52,27,1
2024/1/29,16:48:52,22,1
2024/1/29,16:48:51,27,0.5
2024/1/29,16:48:48,22,0.5
2024/1/29,16:48:47,23,0.5
2024/1/29,16:48:47,21,1
2024/1/29,16:48:47,25,1
2024/1/29,16:48:46,24,1
2024/1/29,16:48:44,21,0.5
2024/1/29,16:48:44,25,0.5
2024/1/29,16:48:43,24,0.5
2024/1/29,16:48:43,22,1
2024/1/29,16:48:42,27,1
2024/1/29,16:48:42,23,1
2024/1/29,16:48:40,107,0.5
2024/1/29,16:48:39,27,0.5
2024/1/29,16:48:39,22,0.5
2024/1/29,16:48:38,23,0.5
2024/1/29,16:48:38,21,1
2024/1/29,16:48:38,24,1
2024/1/29,16:48:38,121,0.5
2024/1/29,16:48:37,31,0.5
2024/1/29,16:48:37,25,1
2024/1/29,16:48:36,41,0.5
2024/1/29,16:48:36,103,1
2024/1/29,16:48:36,23,1
2024/1/29,16:48:35,22,1
2024/1/29,16:48:35,32,0.5
2024/1/29,16:48:34,27,1
2024/1/29,16:48:32,33,0.5
2024/1/29,16:48:31,41,1
2024/1/29,16:48:30,62,0.5
2024/1/29,16:48:29,32,1
2024/1/29,16:48:27,61,1
2024/1/29,16:48:27,33,1
2024/1/29,16:48:27,62,1
2024/1/29,16:48:20,33,0.5
2024/1/29,16:48:19,61,0.5
2024/1/29,16:48:19,62,0.5
2024/1/29,16:48:15,62,1
2024/1/29,16:48:12,61,1
2024/1/29,16:48:12,62,0.5
2024/1/29,16:48:12,61,0.5
2024/1/29,16:48:09,120,0.5
2024/1/29,16:48:06,121,1
2024/1/29,16:48:05,62,1
2024/1/29,16:48:05,71,0.5
2024/1/29,16:48:05,73,0.5
2024/1/29,16:48:04,61,1
2024/1/29,16:48:02,71,1
2024/1/29,16:48:02,33,1
2024/1/29,16:48:00,73,1
2024/1/29,16:47:59,71,0.5
2024/1/29,16:47:58,73,0.5
2024/1/29,16:47:49,33,0.5
2024/1/29,16:47:48,73,1
2024/1/29,16:47:46,73,0.5
2024/1/29,16:47:45,120,1
2024/1/29,16:47:45,32,0.5
2024/1/29,16:47:45,71,1
2024/1/29,16:47:43,73,1
2024/1/29,16:47:42,104,0.5
2024/1/29,16:47:39,41,0.5
2024/1/29,16:47:39,33,1
2024/1/29,16:47:38,107,1
2024/1/29,16:47:37,46,0.5
2024/1/29,16:47:37,42,0.5
2024/1/29,16:47:35,31,1
2024/1/29,16:47:35,32,1
2024/1/29,16:47:34,41,1
2024/1/29,16:47:34,43,0.5
2024/1/29,16:47:33,44,0.5
2024/1/29,16:47:32,42,1
2024/1/29,16:47:29,43,1
2024/1/29,16:47:28,44,1
2024/1/29,16:47:28,46,1
2024/1/29,16:47:25,44,0.5
2024/1/29,16:47:23,46,0.5
2024/1/29,16:47:22,43,0.5
2024/1/29,16:47:20,44,1
2024/1/29,16:47:17,44,0.5
2024/1/29,16:47:11,42,0.5
2024/1/29,16:47:10,103,0.5
2024/1/29,16:47:09,44,1
2024/1/29,16:47:08,46,1
2024/1/29,16:47:07,41,0.5
2024/1/29,16:47:07,104,1
2024/1/29,16:47:06,31,0.5
2024/1/29,16:47:06,43,1
2024/1/29,16:47:05,3,0.5
2024/1/29,16:47:05,27,0.5
2024/1/29,16:47:04,42,1
2024/1/29,16:47:04,23,0.5
2024/1/29,16:47:03,3,1
2024/1/29,16:47:03,22,0.5
2024/1/29,16:47:02,31,1
2024/1/29,16:47:02,41,1
2024/1/29,16:47:01,21,0.5
2024/1/29,16:47:01,23,1
2024/1/29,16:47:01,27,1
2024/1/29,16:47:00,22,1
2024/1/29,16:46:57,21,1
2024/1/29,16:46:55,25,0.5
2024/1/29,16:46:55,24,0.5
2024/1/29,16:46:54,21,0.5
2024/1/29,16:46:50,22,0.5
2024/1/29,16:46:50,27,0.5
2024/1/29,16:46:50,23,0.5
2024/1/29,16:46:48,21,1
2024/1/29,16:46:48,25,1
2024/1/29,16:46:47,24,1
2024/1/29,16:46:46,21,0.5
2024/1/29,16:46:46,25,0.5
2024/1/29,16:46:44,22,1
2024/1/29,16:46:44,27,1
2024/1/29,16:46:44,23,1
2024/1/29,16:46:42,24,0.5
2024/1/29,16:46:40,22,0.5
2024/1/29,16:46:40,27,0.5
2024/1/29,16:46:40,23,0.5
2024/1/29,16:46:39,21,1
2024/1/29,16:46:39,100,0.5
2024/1/29,16:46:39,25,1
2024/1/29,16:46:39,24,1
2024/1/29,16:46:38,31,0.5
2024/1/29,16:46:38,3,0.5
2024/1/29,16:46:37,41,0.5
2024/1/29,16:46:37,23,1
2024/1/29,16:46:37,2,0.5
2024/1/29,16:46:36,103,1
2024/1/29,16:46:36,22,1
2024/1/29,16:46:36,27,1
2024/1/29,16:46:36,31,1
2024/1/29,16:46:34,3,1
2024/1/29,16:46:34,41,1
2024/1/29,16:46:34,1,0.5
2024/1/29,16:46:33,2,1
2024/1/29,16:46:30,100,1
2024/1/29,16:46:29,1,1
2024/1/29,16:46:22,1,0.5
2024/1/29,16:46:15,1,1
2024/1/29,16:46:11,1,0.5
2024/1/29,16:45:49,104,0.5
2024/1/29,16:45:46,44,0.5
2024/1/29,16:45:45,43,0.5
2024/1/29,16:45:45,46,0.5
2024/1/29,16:45:33,43,1
2024/1/29,16:45:30,46,1
2024/1/29,16:45:30,103,0.5
2024/1/29,16:45:29,42,0.5
2024/1/29,16:45:28,44,1
2024/1/29,16:45:27,104,1
2024/1/29,16:45:26,41,0.5
2024/1/29,16:45:25,23,0.5
2024/1/29,16:45:25,42,1
2024/1/29,16:45:24,24,0.5
2024/1/29,16:45:23,3,1
2024/1/29,16:45:23,22,0.5
2024/1/29,16:45:23,21,0.5
2024/1/29,16:45:23,31,1
2024/1/29,16:45:23,41,1
2024/1/29,16:45:21,23,1
2024/1/29,16:45:21,22,1
2024/1/29,16:45:21,21,1
2024/1/29,16:45:19,24,1
2024/1/29,16:45:19,27,1
2024/1/29,16:45:16,24,0.5
2024/1/29,16:45:15,27,0.5
2024/1/29,16:45:14,25,0.5
2024/1/29,16:45:13,24,1
2024/1/29,16:45:13,21,0.5
2024/1/29,16:45:12,27,1
2024/1/29,16:45:11,24,0.5
2024/1/29,16:45:10,27,0.5
2024/1/29,16:45:09,22,0.5
2024/1/29,16:45:08,25,1
2024/1/29,16:45:08,21,1
2024/1/29,16:45:07,24,1
2024/1/29,16:45:07,31,0.5
2024/1/29,16:45:06,23,0.5
2024/1/29,16:45:05,31,1
2024/1/29,16:45:05,25,0.5
2024/1/29,16:45:04,27,1
2024/1/29,16:45:03,22,1
2024/1/29,16:45:02,23,1
2024/1/29,16:45:01,21,0.5
2024/1/29,16:45:00,24,0.5
2024/1/29,16:45:00,107,0.5
2024/1/29,16:44:59,27,0.5
2024/1/29,16:44:59,22,0.5
2024/1/29,16:44:58,21,1
2024/1/29,16:44:58,23,0.5
2024/1/29,16:44:58,121,0.5
2024/1/29,16:44:58,25,1
2024/1/29,16:44:57,31,0.5
2024/1/29,16:44:57,24,1
2024/1/29,16:44:57,41,0.5
2024/1/29,16:44:55,22,1
2024/1/29,16:44:55,103,1
2024/1/29,16:44:55,23,1
2024/1/29,16:44:54,27,1
2024/1/29,16:44:52,61,0.5
2024/1/29,16:44:52,31,1
2024/1/29,16:44:52,41,1
2024/1/29,16:44:51,62,0.5
2024/1/29,16:44:51,33,0.5
2024/1/29,16:44:49,61,1
2024/1/29,16:44:48,33,1
2024/1/29,16:44:47,62,1
2024/1/29,16:44:42,62,0.5
2024/1/29,16:44:41,61,0.5
2024/1/29,16:44:40,33,0.5
2024/1/29,16:44:35,62,1
2024/1/29,16:44:34,61,1
2024/1/29,16:44:33,62,0.5
2024/1/29,16:44:33,61,0.5
2024/1/29,16:44:30,120,0.5
2024/1/29,16:44:28,62,1
2024/1/29,16:44:27,73,0.5
2024/1/29,16:44:27,121,1
2024/1/29,16:44:26,71,0.5
2024/1/29,16:44:26,61,1
2024/1/29,16:44:23,33,1
2024/1/29,16:44:22,71,1
2024/1/29,16:44:21,73,1
2024/1/29,16:44:18,71,0.5
2024/1/29,16:44:18,73,0.5
2024/1/29,16:44:08,33,0.5
2024/1/29,16:44:04,120,1
2024/1/29,16:44:04,71,1
2024/1/29,16:44:02,73,1
2024/1/29,16:44:00,104,0.5
2024/1/29,16:43:59,33,1
2024/1/29,16:43:57,31,0.5
2024/1/29,16:43:57,107,1
2024/1/29,16:43:57,41,0.5
2024/1/29,16:43:57,46,0.5
2024/1/29,16:43:56,42,0.5
2024/1/29,16:43:55,32,1
2024/1/29,16:43:55,46,1
2024/1/29,16:43:54,31,1
2024/1/29,16:43:53,41,1
2024/1/29,16:43:53,43,0.5
2024/1/29,16:43:52,44,0.5
2024/1/29,16:43:51,42,1
2024/1/29,16:43:48,43,1
2024/1/29,16:43:47,44,1
2024/1/29,16:43:43,44,0.5
2024/1/29,16:43:43,46,0.5
2024/1/29,16:43:42,43,0.5
2024/1/29,16:43:39,44,1
2024/1/29,16:43:38,44,0.5
2024/1/29,16:43:32,43,1
2024/1/29,16:43:28,42,0.5
2024/1/29,16:43:28,103,0.5
2024/1/29,16:43:26,46,1
2024/1/29,16:43:26,44,1
2024/1/29,16:43:24,31,0.5
2024/1/29,16:43:24,41,0.5
2024/1/29,16:43:24,104,1
2024/1/29,16:43:24,27,0.5
2024/1/29,16:43:23,42,1
2024/1/29,16:43:23,22,0.5
2024/1/29,16:43:21,24,0.5
2024/1/29,16:43:21,25,0.5
2024/1/29,16:43:21,31,1
2024/1/29,16:43:20,41,1
2024/1/29,16:43:20,21,0.5
2024/1/29,16:43:19,22,1
2024/1/29,16:43:19,27,1
2024/1/29,16:43:16,25,1
2024/1/29,16:43:16,21,1
2024/1/29,16:43:16,24,1
2024/1/29,16:43:14,21,0.5
2024/1/29,16:43:14,25,0.5
2024/1/29,16:43:14,24,0.5
2024/1/29,16:43:10,22,0.5
2024/1/29,16:43:09,23,0.5
2024/1/29,16:43:09,27,0.5
2024/1/29,16:43:07,31,0.5
2024/1/29,16:43:07,25,1
2024/1/29,16:43:07,21,1
2024/1/29,16:43:06,24,1
2024/1/29,16:43:04,21,0.5
2024/1/29,16:43:04,25,0.5
2024/1/29,16:43:03,22,1
2024/1/29,16:43:02,23,1
2024/1/29,16:43:02,27,1
2024/1/29,16:43:01,24,0.5
2024/1/29,16:42:59,27,0.5
2024/1/29,16:42:59,23,0.5
2024/1/29,16:42:58,22,0.5
2024/1/29,16:42:57,25,1
2024/1/29,16:42:57,25,1
2024/1/29,16:42:57,100,0.5
2024/1/29,16:42:56,24,1
2024/1/29,16:42:56,3,0.5
2024/1/29,16:42:56,2,0.5
2024/1/29,16:42:56,41,0.5
2024/1/29,16:42:55,23,1
2024/1/29,16:42:54,103,1
2024/1/29,16:42:54,22,1
2024/1/29,16:42:54,27,1
2024/1/29,16:42:52,1,0.5
2024/1/29,16:42:52,41,1
2024/1/29,16:42:51,2,1
2024/1/29,16:42:48,100,1
2024/1/29,16:42:45,1,1
2024/1/29,16:42:42,1,0.5
2024/1/29,16:42:35,1,1
2024/1/29,16:42:25,1,0.5
2024/1/29,16:42:20,1,1
2024/1/29,16:42:17,1,0.5
2024/1/29,16:41:40,104,0.5
2024/1/29,16:41:37,43,0.5
2024/1/29,16:41:35,44,0.5
2024/1/29,16:41:33,46,0.5
2024/1/29,16:41:32,43,1
2024/1/29,16:41:30,43,0.5
2024/1/29,16:41:26,44,1
2024/1/29,16:41:24,44,0.5
2024/1/29,16:41:20,43,1
2024/1/29,16:41:15,103,0.5
2024/1/29,16:41:15,44,1
2024/1/29,16:41:15,42,0.5
2024/1/29,16:41:15,46,1
2024/1/29,16:41:12,31,0.5
2024/1/29,16:41:12,41,0.5
2024/1/29,16:41:12,104,1
2024/1/29,16:41:12,27,0.5
2024/1/29,16:41:11,23,0.5
2024/1/29,16:41:11,42,1
2024/1/29,16:41:09,22,0.5
2024/1/29,16:41:09,24,0.5
2024/1/29,16:41:09,25,0.5
2024/1/29,16:41:09,31,1
2024/1/29,16:41:09,41,1
2024/1/29,16:41:08,27,1
2024/1/29,16:41:08,23,1
2024/1/29,16:41:07,22,1
2024/1/29,16:41:04,24,1
2024/1/29,16:41:04,25,1
2024/1/29,16:41:02,21,0.5
2024/1/29,16:41:02,24,0.5
2024/1/29,16:41:01,25,0.5
2024/1/29,16:40:58,22,0.5
2024/1/29,16:40:57,27,0.5
2024/1/29,16:40:55,25,1
2024/1/29,16:40:55,21,1
2024/1/29,16:40:55,31,0.5
2024/1/29,16:40:55,24,1
2024/1/29,16:40:53,23,0.5
2024/1/29,16:40:52,31,1
2024/1/29,16:40:52,21,0.5
2024/1/29,16:40:52,25,0.5
2024/1/29,16:40:52,24,0.5
2024/1/29,16:40:51,22,1
2024/1/29,16:40:50,23,1
2024/1/29,16:40:50,27,1
2024/1/29,16:40:47,23,0.5
2024/1/29,16:40:46,22,0.5
2024/1/29,16:40:46,27,0.5
2024/1/29,16:40:46,107,0.5
2024/1/29,16:40:45,25,1
2024/1/29,16:40:45,21,1
2024/1/29,16:40:45,31,0.5
2024/1/29,16:40:45,24,1
2024/1/29,16:40:44,121,0.5
2024/1/29,16:40:43,22,1
2024/1/29,16:40:43,23,1
2024/1/29,16:40:43,41,0.5
2024/1/29,16:40:42,27,1
2024/1/29,16:40:42,103,1
2024/1/29,16:40:40,33,0.5
2024/1/29,16:40:39,31,1
2024/1/29,16:40:39,41,1
2024/1/29,16:40:38,61,0.5
2024/1/29,16:40:37,62,0.5
2024/1/29,16:40:35,61,1
2024/1/29,16:40:34,33,1
2024/1/29,16:40:34,62,1
2024/1/29,16:40:28,62,0.5
2024/1/29,16:40:28,61,0.5
2024/1/29,16:40:27,33,0.5
2024/1/29,16:40:24,62,1
2024/1/29,16:40:23,61,1
2024/1/29,16:40:21,62,0.5
2024/1/29,16:40:21,61,0.5
2024/1/29,16:40:18,33,1
2024/1/29,16:40:18,62,1
2024/1/29,16:40:17,120,0.5
2024/1/29,16:40:16,62,0.5
2024/1/29,16:40:15,33,0.5
2024/1/29,16:40:13,62,1
2024/1/29,16:40:13,121,1
2024/1/29,16:40:13,73,0.5
2024/1/29,16:40:12,61,1
2024/1/29,16:40:12,32,1
2024/1/29,16:40:12,71,0.5
2024/1/29,16:40:10,33,1
2024/1/29,16:40:08,73,1
2024/1/29,16:40:07,71,1
2024/1/29,16:40:06,71,0.5
2024/1/29,16:40:05,73,0.5
2024/1/29,16:39:55,33,0.5
2024/1/29,16:39:52,120,1
2024/1/29,16:39:51,71,1
2024/1/29,16:39:50,73,1
2024/1/29,16:39:48,104,0.5
2024/1/29,16:39:48,33,1
2024/1/29,16:39:46,31,0.5
2024/1/29,16:39:46,46,0.5
2024/1/29,16:39:46,41,0.5
2024/1/29,16:39:45,107,1
2024/1/29,16:39:45,42,0.5
2024/1/29,16:39:43,31,1
2024/1/29,16:39:43,43,0.5
2024/1/29,16:39:42,41,1
2024/1/29,16:39:41,44,0.5
2024/1/29,16:39:39,42,1
2024/1/29,16:39:38,44,1
2024/1/29,16:39:37,46,1
2024/1/29,16:39:37,43,1
2024/1/29,16:39:35,43,0.5
2024/1/29,16:39:35,44,0.5
2024/1/29,16:39:34,46,0.5
2024/1/29,16:39:22,42,0.5
2024/1/29,16:39:21,44,1
2024/1/29,16:39:21,103,0.5
2024/1/29,16:39:20,46,1
2024/1/29,16:39:19,41,0.5
2024/1/29,16:39:18,104,1
2024/1/29,16:39:18,3,0.5
2024/1/29,16:39:18,43,1
2024/1/29,16:39:17,31,0.5
2024/1/29,16:39:17,42,1
2024/1/29,16:39:16,23,0.5
2024/1/29,16:39:16,27,0.5
2024/1/29,16:39:15,3,1
2024/1/29,16:39:14,25,0.5
2024/1/29,16:39:14,41,1
2024/1/29,16:39:14,24,0.5
2024/1/29,16:39:13,31,1
2024/1/29,16:39:13,21,0.5
2024/1/29,16:39:13,23,1
2024/1/29,16:39:12,22,1
2024/1/29,16:39:12,27,1
2024/1/29,16:39:10,21,1
2024/1/29,16:39:10,24,1
2024/1/29,16:39:09,25,1
2024/1/29,16:39:08,21,0.5
2024/1/29,16:39:07,25,0.5
2024/1/29,16:39:07,24,0.5
2024/1/29,16:39:06,27,0.5
2024/1/29,16:39:05,22,0.5
2024/1/29,16:39:03,21,1
2024/1/29,16:39:02,25,1
2024/1/29,16:39:02,24,1
2024/1/29,16:39:01,23,0.5
2024/1/29,16:39:00,25,0.5
2024/1/29,16:39:00,21,0.5
2024/1/29,16:38:59,27,1
2024/1/29,16:38:58,22,1
2024/1/29,16:38:58,23,1
2024/1/29,16:38:57,24,0.5
2024/1/29,16:38:55,23,0.5
2024/1/29,16:38:55,27,0.5
2024/1/29,16:38:55,22,0.5
2024/1/29,16:38:54,100,0.5
2024/1/29,16:38:53,25,1
2024/1/29,16:38:53,31,0.5
2024/1/29,16:38:53,21,1
2024/1/29,16:38:52,24,1
2024/1/29,16:38:52,41,0.5
2024/1/29,16:38:52,2,0.5
2024/1/29,16:38:52,3,0.5
2024/1/29,16:38:52,23,1
2024/1/29,16:38:50,103,1
2024/1/29,16:38:50,27,1
2024/1/29,16:38:50,22,1
2024/1/29,16:38:50,31,1
2024/1/29,16:38:50,3,1
2024/1/29,16:38:49,1,0.5
2024/1/29,16:38:48,41,1
2024/1/29,16:38:48,2,1
2024/1/29,16:38:44,100,1
2024/1/29,16:38:42,1,1
2024/1/29,16:38:38,1,0.5
2024/1/29,16:38:32,1,1
2024/1/29,16:38:28,1,0.5
2024/1/29,16:38:24,1,1
2024/1/29,16:38:17,1,0.5
2024/1/29,16:37:33,104,0.5
2024/1/29,16:37:31,44,0.5
2024/1/29,16:37:27,46,0.5
2024/1/29,16:37:26,43,0.5
2024/1/29,16:37:13,103,0.5
2024/1/29,16:37:13,44,1
2024/1/29,16:37:12,42,0.5
2024/1/29,16:37:12,46,1
2024/1/29,16:37:11,31,0.5
2024/1/29,16:37:10,41,0.5
2024/1/29,16:37:10,104,1
2024/1/29,16:37:10,3,0.5
2024/1/29,16:37:10,43,1
2024/1/29,16:37:09,27,0.5
2024/1/29,16:37:09,23,0.5
2024/1/29,16:37:09,42,1
2024/1/29,16:37:08,22,0.5
2024/1/29,16:37:08,24,0.5
2024/1/29,16:37:07,3,1
2024/1/29,16:37:07,41,1
2024/1/29,16:37:07,31,1
2024/1/29,16:37:07,21,0.5
2024/1/29,16:37:06,25,0.5
2024/1/29,16:37:05,23,1
2024/1/29,16:37:05,27,1
2024/1/29,16:37:05,22,1
2024/1/29,16:37:02,25,1
2024/1/29,16:37:02,21,1
2024/1/29,16:37:01,24,1
2024/1/29,16:37:00,24,0.5
2024/1/29,16:36:59,25,0.5
2024/1/29,16:36:59,21,0.5
2024/1/29,16:36:58,22,0.5
2024/1/29,16:36:56,27,0.5
2024/1/29,16:36:56,23,0.5
2024/1/29,16:36:56,21,1
2024/1/29,16:36:55,24,1
2024/1/29,16:36:55,31,0.5
2024/1/29,16:36:54,25,1
2024/1/29,16:36:52,31,1
2024/1/29,16:36:52,21,0.5
2024/1/29,16:36:51,25,0.5
2024/1/29,16:36:51,22,1
2024/1/29,16:36:51,27,1
2024/1/29,16:36:50,23,1
2024/1/29,16:36:48,24,0.5
2024/1/29,16:36:47,107,0.5
2024/1/29,16:36:46,22,0.5
2024/1/29,16:36:45,27,0.5
2024/1/29,16:36:45,21,1
2024/1/29,16:36:45,121,0.5
2024/1/29,16:36:44,25,1
2024/1/29,16:36:44,31,0.5
2024/1/29,16:36:43,24,1
2024/1/29,16:36:43,23,0.5
2024/1/29,16:36:42,103,1
2024/1/29,16:36:42,22,1
2024/1/29,16:36:42,41,0.5
2024/1/29,16:36:41,27,1
2024/1/29,16:36:41,23,1
2024/1/29,16:36:39,33,0.5
2024/1/29,16:36:39,41,1
2024/1/29,16:36:38,31,1
2024/1/29,16:36:38,61,0.5
2024/1/29,16:36:37,62,0.5
2024/1/29,16:36:34,61,1
2024/1/29,16:36:34,33,1
2024/1/29,16:36:32,62,1
2024/1/29,16:36:30,62,0.5
2024/1/29,16:36:29,33,0.5
2024/1/29,16:36:29,61,0.5
2024/1/29,16:36:26,61,1
2024/1/29,16:36:25,62,1
2024/1/29,16:36:23,62,0.5
2024/1/29,16:36:23,61,0.5
2024/1/29,16:36:19,62,1
2024/1/29,16:36:19,120,0.5
2024/1/29,16:36:17,73,0.5
2024/1/29,16:36:17,121,1
2024/1/29,16:36:16,32,1
2024/1/29,16:36:16,61,1
2024/1/29,16:36:15,71,0.5
2024/1/29,16:36:14,33,1
2024/1/29,16:36:13,71,1
2024/1/29,16:36:12,73,1
2024/1/29,16:36:10,73,0.5
2024/1/29,16:36:10,71,0.5
2024/1/29,16:36:01,33,0.5
2024/1/29,16:35:59,33,1
2024/1/29,16:35:57,120,1
2024/1/29,16:35:57,32,0.5
2024/1/29,16:35:57,71,1
2024/1/29,16:35:55,73,1
2024/1/29,16:35:53,104,0.5
2024/1/29,16:35:52,41,0.5
2024/1/29,16:35:50,31,0.5
2024/1/29,16:35:50,107,1
2024/1/29,16:35:50,46,0.5
2024/1/29,16:35:49,42,0.5
2024/1/29,16:35:48,31,1
2024/1/29,16:35:48,32,1
2024/1/29,16:35:47,44,0.5
2024/1/29,16:35:47,41,1
2024/1/29,16:35:46,43,0.5
2024/1/29,16:35:43,42,1
2024/1/29,16:35:42,43,1
2024/1/29,16:35:41,44,1
2024/1/29,16:35:41,46,1
2024/1/29,16:35:39,44,0.5
2024/1/29,16:35:38,43,0.5
2024/1/29,16:35:38,46,0.5
2024/1/29,16:35:25,42,0.5
2024/1/29,16:35:25,44,1
2024/1/29,16:35:25,103,0.5
2024/1/29,16:35:24,46,1
2024/1/29,16:35:23,41,0.5
2024/1/29,16:35:22,31,0.5
2024/1/29,16:35:22,104,1
2024/1/29,16:35:22,43,1
2024/1/29,16:35:21,27,0.5
2024/1/29,16:35:21,23,0.5
2024/1/29,16:35:20,42,1
2024/1/29,16:35:19,22,0.5
2024/1/29,16:35:19,24,0.5
2024/1/29,16:35:18,25,0.5
2024/1/29,16:35:18,41,1
2024/1/29,16:35:17,31,1
2024/1/29,16:35:17,23,1
2024/1/29,16:35:16,24,1
2024/1/29,16:35:16,22,1
2024/1/29,16:35:15,27,1
2024/1/29,16:35:15,25,1
2024/1/29,16:35:12,25,0.5
2024/1/29,16:35:11,22,0.5
2024/1/29,16:35:10,27,0.5
2024/1/29,16:35:10,23,0.5
2024/1/29,16:35:10,25,1
2024/1/29,16:35:07,25,0.5
2024/1/29,16:35:07,24,0.5
2024/1/29,16:35:07,21,0.5
2024/1/29,16:35:06,27,1
2024/1/29,16:35:04,22,1
2024/1/29,16:35:03,27,0.5
2024/1/29,16:35:01,31,0.5
2024/1/29,16:35:01,22,0.5
2024/1/29,16:34:59,21,1
2024/1/29,16:34:59,25,1
2024/1/29,16:34:58,24,1
2024/1/29,16:34:58,31,1
2024/1/29,16:34:58,100,0.5
2024/1/29,16:34:58,3,0.5
2024/1/29,16:34:57,41,0.5
2024/1/29,16:34:57,23,1
2024/1/29,16:34:56,2,0.5
2024/1/29,16:34:56,103,1
2024/1/29,16:34:56,22,1
2024/1/29,16:34:56,27,1
2024/1/29,16:34:54,3,1
2024/1/29,16:34:54,41,1
2024/1/29,16:34:54,1,0.5
2024/1/29,16:34:53,2,1
2024/1/29,16:34:51,1,1
2024/1/29,16:34:50,100,1
2024/1/29,16:34:49,1,0.5
2024/1/29,16:34:39,1,1
2024/1/29,16:34:36,1,0.5
2024/1/29,16:34:32,1,1
2024/1/29,16:34:25,1,0.5
2024/1/29,16:32:48,104,0.5
2024/1/29,16:32:47,46,0.5
2024/1/29,16:32:46,44,0.5
2024/1/29,16:32:46,43,0.5
2024/1/29,16:32:36,44,1
2024/1/29,16:32:34,44,0.5
2024/1/29,16:32:34,103,0.5
2024/1/29,16:32:33,42,0.5
2024/1/29,16:32:33,44,1
2024/1/29,16:32:30,46,1
2024/1/29,16:32:28,31,0.5
2024/1/29,16:32:27,43,1
2024/1/29,16:32:27,104,1
2024/1/29,16:32:27,3,0.5
2024/1/29,16:32:27,41,0.5
2024/1/29,16:32:26,23,0.5
2024/1/29,16:32:26,42,1
2024/1/29,16:32:26,27,0.5
2024/1/29,16:32:25,22,0.5
2024/1/29,16:32:24,3,1
2024/1/29,16:32:23,41,1
2024/1/29,16:32:23,31,1
2024/1/29,16:32:23,21,0.5
2024/1/29,16:32:23,23,1
2024/1/29,16:32:22,25,0.5
2024/1/29,16:32:22,24,0.5
2024/1/29,16:32:22,22,1
2024/1/29,16:32:20,21,1
2024/1/29,16:32:19,24,1
2024/1/29,16:32:19,25,1
2024/1/29,16:32:17,21,0.5
2024/1/29,16:32:16,25,0.5
2024/1/29,16:32:16,24,0.5
2024/1/29,16:32:14,22,0.5
2024/1/29,16:32:12,25,1
2024/1/29,16:32:12,21,1
2024/1/29,16:32:11,31,0.5
2024/1/29,16:32:11,24,1
2024/1/29,16:32:11,23,0.5
2024/1/29,16:32:09,31,1
2024/1/29,16:32:09,21,0.5
2024/1/29,16:32:08,25,0.5
2024/1/29,16:32:07,22,1
2024/1/29,16:32:07,23,1
2024/1/29,16:32:05,24,0.5
2024/1/29,16:32:03,22,0.5
2024/1/29,16:32:03,23,0.5
2024/1/29,16:32:02,24,1
2024/1/29,16:32:02,107,0.5
2024/1/29,16:32:02,21,1
2024/1/29,16:32:01,25,1
2024/1/29,16:32:00,31,0.5
2024/1/29,16:32:00,121,0.5
2024/1/29,16:31:59,22,1
2024/1/29,16:31:59,23,1
2024/1/29,16:31:58,103,1
2024/1/29,16:31:58,27,1
2024/1/29,16:31:58,32,0.5
2024/1/29,16:31:56,33,0.5
2024/1/29,16:31:55,61,0.5
2024/1/29,16:31:55,62,0.5
2024/1/29,16:31:53,32,1
2024/1/29,16:31:51,33,1
2024/1/29,16:31:50,61,1
2024/1/29,16:31:49,62,1
2024/1/29,16:31:47,62,0.5
2024/1/29,16:31:45,33,0.5
2024/1/29,16:31:44,61,0.5
2024/1/29,16:31:42,62,1
2024/1/29,16:31:42,61,1
2024/1/29,16:31:40,62,0.5
2024/1/29,16:31:38,61,0.5
2024/1/29,16:31:36,120,0.5
2024/1/29,16:31:34,62,1
2024/1/29,16:31:34,121,1
2024/1/29,16:31:34,61,1
2024/1/29,16:31:34,73,0.5
2024/1/29,16:31:32,33,1
2024/1/29,16:31:29,73,1
2024/1/29,16:31:28,71,0.5
2024/1/29,16:31:27,73,0.5
2024/1/29,16:31:18,71,1
2024/1/29,16:31:17,73,1
2024/1/29,16:31:16,71,0.5
2024/1/29,16:31:16,33,0.5
2024/1/29,16:31:15,73,0.5
2024/1/29,16:31:15,120,1
2024/1/29,16:31:13,71,1
2024/1/29,16:31:13,73,1
2024/1/29,16:31:12,104,0.5
2024/1/29,16:31:11,33,1
2024/1/29,16:31:09,41,0.5
2024/1/29,16:31:07,107,1
2024/1/29,16:31:07,46,0.5
2024/1/29,16:31:07,42,0.5
2024/1/29,16:31:04,44,0.5
2024/1/29,16:31:04,31,1
2024/1/29,16:31:04,43,0.5
2024/1/29,16:31:04,46,1
2024/1/29,16:31:03,41,1
2024/1/29,16:31:01,46,0.5
2024/1/29,16:31:00,42,1
2024/1/29,16:30:58,46,1
2024/1/29,16:30:57,44,1
2024/1/29,16:30:57,43,1
2024/1/29,16:30:55,44,0.5
2024/1/29,16:30:54,43,0.5
2024/1/29,16:30:54,46,0.5
2024/1/29,16:30:47,44,1
2024/1/29,16:30:43,44,0.5
2024/1/29,16:30:43,42,0.5
2024/1/29,16:30:41,44,1
2024/1/29,16:30:40,46,1
2024/1/29,16:30:40,103,0.5
2024/1/29,16:30:38,41,0.5
2024/1/29,16:30:38,43,1
2024/1/29,16:30:37,104,1
2024/1/29,16:30:37,3,0.5
2024/1/29,16:30:37,31,0.5
2024/1/29,16:30:37,23,0.5
2024/1/29,16:30:36,27,0.5
2024/1/29,16:30:36,42,1
2024/1/29,16:30:35,22,0.5
2024/1/29,16:30:34,25,0.5
2024/1/29,16:30:34,3,1
2024/1/29,16:30:34,31,1
2024/1/29,16:30:34,41,1
2024/1/29,16:30:33,24,0.5
2024/1/29,16:30:32,23,1
2024/1/29,16:30:32,25,1
2024/1/29,16:30:31,22,1
2024/1/29,16:30:31,24,1
2024/1/29,16:30:31,27,1
2024/1/29,16:30:27,22,0.5
2024/1/29,16:30:25,27,0.5
2024/1/29,16:30:25,23,0.5
2024/1/29,16:30:23,25,0.5
2024/1/29,16:30:22,21,0.5
2024/1/29,16:30:22,24,0.5
2024/1/29,16:30:21,27,1
2024/1/29,16:30:20,22,1
2024/1/29,16:30:20,23,1
2024/1/29,16:30:16,22,0.5
2024/1/29,16:30:16,23,0.5
2024/1/29,16:30:15,27,0.5
2024/1/29,16:30:15,21,1
2024/1/29,16:30:15,24,1
2024/1/29,16:30:14,25,1
2024/1/29,16:30:14,100,0.5
2024/1/29,16:30:13,2,0.5
2024/1/29,16:30:13,41,0.5
2024/1/29,16:30:13,23,1
2024/1/29,16:30:12,22,1
2024/1/29,16:30:12,103,1
2024/1/29,16:30:11,27,1
2024/1/29,16:30:10,1,0.5
2024/1/29,16:30:09,41,1
2024/1/29,16:30:08,2,1
2024/1/29,16:30:06,100,1
2024/1/29,16:30:02,1,1
2024/1/29,16:29:13,1,0.5
2024/1/29,16:27:45,104,0.5
2024/1/29,16:27:42,44,0.5
2024/1/29,16:27:41,46,0.5
2024/1/29,16:27:41,43,0.5
2024/1/29,16:27:39,44,1
2024/1/29,16:27:36,44,0.5
2024/1/29,16:27:26,44,1
2024/1/29,16:27:26,103,0.5
2024/1/29,16:27:25,46,1
2024/1/29,16:27:24,41,0.5
2024/1/29,16:27:23,104,1
2024/1/29,16:27:23,43,1
2024/1/29,16:27:22,27,0.5
2024/1/29,16:27:22,3,0.5
2024/1/29,16:27:21,22,0.5
2024/1/29,16:27:20,3,1
2024/1/29,16:27:19,41,1
2024/1/29,16:27:19,25,0.5
2024/1/29,16:27:19,31,1
2024/1/29,16:27:18,23,1
2024/1/29,16:27:18,27,1
2024/1/29,16:27:17,22,1
2024/1/29,16:27:17,25,1
2024/1/29,16:27:13,22,0.5
2024/1/29,16:27:12,23,0.5
2024/1/29,16:27:11,27,0.5
2024/1/29,16:27:10,31,0.5
2024/1/29,16:27:07,31,1
2024/1/29,16:27:06,25,0.5
2024/1/29,16:27:06,21,0.5
2024/1/29,16:27:06,24,0.5
2024/1/29,16:27:05,22,1
2024/1/29,16:27:05,27,1
2024/1/29,16:27:05,23,1
2024/1/29,16:27:00,107,0.5
2024/1/29,16:27:00,22,0.5
2024/1/29,16:27:00,23,0.5
2024/1/29,16:26:59,25,1
2024/1/29,16:26:59,21,1
2024/1/29,16:26:59,24,1
2024/1/29,16:26:58,31,0.5
2024/1/29,16:26:58,27,0.5
2024/1/29,16:26:58,121,0.5
2024/1/29,16:26:57,41,0.5
2024/1/29,16:26:57,22,1
2024/1/29,16:26:56,23,1
2024/1/29,16:26:56,103,1
2024/1/29,16:26:56,27,1
2024/1/29,16:26:55,32,0.5
2024/1/29,16:26:54,33,0.5
2024/1/29,16:26:53,31,1
2024/1/29,16:26:53,41,1
2024/1/29,16:26:48,33,1
2024/1/29,16:26:48,61,1
2024/1/29,16:26:47,62,0.5
2024/1/29,16:26:42,61,0.5
2024/1/29,16:26:41,33,0.5
2024/1/29,16:26:40,62,1
2024/1/29,16:26:40,61,1
2024/1/29,16:26:39,62,0.5
2024/1/29,16:26:38,61,0.5
2024/1/29,16:26:34,120,0.5
2024/1/29,16:26:32,62,1
2024/1/29,16:26:31,121,1
2024/1/29,16:26:30,61,1
2024/1/29,16:26:30,32,1
2024/1/29,16:26:30,71,0.5
2024/1/29,16:26:29,33,1
2024/1/29,16:26:28,73,0.5
2024/1/29,16:26:27,71,1
2024/1/29,16:26:26,73,1
2024/1/29,16:26:25,71,0.5
2024/1/29,16:26:24,73,0.5
2024/1/29,16:26:18,33,0.5
2024/1/29,16:26:15,71,1
2024/1/29,16:26:14,120,1
2024/1/29,16:26:13,73,1
2024/1/29,16:26:10,33,1
2024/1/29,16:26:09,104,0.5
2024/1/29,16:26:09,41,0.5
2024/1/29,16:26:08,31,0.5
2024/1/29,16:26:07,107,1
2024/1/29,16:26:06,46,0.5
2024/1/29,16:26:06,42,0.5
2024/1/29,16:26:04,31,1
2024/1/29,16:26:04,43,0.5
2024/1/29,16:26:03,41,1
2024/1/29,16:26:01,44,0.5
2024/1/29,16:25:59,42,1
2024/1/29,16:25:58,46,1
2024/1/29,16:25:57,44,1
2024/1/29,16:25:57,43,1
2024/1/29,16:25:55,44,0.5
2024/1/29,16:25:55,46,0.5
2024/1/29,16:25:54,43,0.5
2024/1/29,16:25:48,44,1
2024/1/29,16:25:45,44,0.5
2024/1/29,16:25:43,42,0.5
2024/1/29,16:25:42,44,1
2024/1/29,16:25:41,46,1
2024/1/29,16:25:41,103,0.5
2024/1/29,16:25:39,41,0.5
2024/1/29,16:25:39,43,1
2024/1/29,16:25:39,104,1
2024/1/29,16:25:38,31,0.5
2024/1/29,16:25:38,3,0.5
2024/1/29,16:25:37,42,1
2024/1/29,16:25:37,27,0.5
2024/1/29,16:25:36,22,0.5
2024/1/29,16:25:35,3,1
2024/1/29,16:25:35,41,1
2024/1/29,16:25:34,23,0.5
2024/1/29,16:25:34,31,1
2024/1/29,16:25:33,24,0.5
2024/1/29,16:25:33,23,1
2024/1/29,16:25:32,21,0.5
2024/1/29,16:25:32,21,1
2024/1/29,16:25:30,22,1
2024/1/29,16:25:29,27,1
2024/1/29,16:25:28,24,1
2024/1/29,16:25:27,27,0.5
2024/1/29,16:25:25,24,0.5
2024/1/29,16:25:25,22,0.5
2024/1/29,16:25:24,25,0.5
2024/1/29,16:25:23,23,0.5
2024/1/29,16:25:22,24,1
2024/1/29,16:25:21,21,0.5
2024/1/29,16:25:20,27,1
2024/1/29,16:25:19,22,1
2024/1/29,16:25:19,23,1
2024/1/29,16:25:17,24,0.5
2024/1/29,16:25:14,23,0.5
2024/1/29,16:25:14,31,0.5
2024/1/29,16:25:14,22,0.5
2024/1/29,16:25:13,21,1
2024/1/29,16:25:13,100,0.5
2024/1/29,16:25:13,27,0.5
2024/1/29,16:25:13,25,1
2024/1/29,16:25:12,2,0.5
2024/1/29,16:25:11,23,1
2024/1/29,16:25:10,103,1
2024/1/29,16:25:10,41,0.5
2024/1/29,16:25:09,31,1
2024/1/29,16:25:09,22,1
2024/1/29,16:25:09,27,1
2024/1/29,16:25:08,1,0.5
2024/1/29,16:25:07,2,1
2024/1/29,16:25:07,41,1
2024/1/29,16:25:03,100,1
2024/1/29,16:25:00,1,1